{"train/loss_rpn_cls": 0.1715432149171829, "train/loss_rpn_bbox": 0.028331268383190035, "train/s0.loss_cls": 0.26590102046728137, "train/s0.acc": 95.111328125, "train/s0.loss_bbox": 0.10979299992322922, "train/s1.loss_cls": 0.07181417781859636, "train/s1.acc": 97.728515625, "train/s1.loss_bbox": 0.03298632144187764, "train/s2.loss_cls": 0.021910268906503917, "train/s2.acc": 98.7607421875, "train/s2.loss_bbox": 0.004319654385123926, "train/loss": 0.7065989273786545, "learning_rate": 1.8947512507439858e-05, "momentum": 0.9, "_runtime": 17718, "_timestamp": 1633553501, "_step": 41024, "val/bbox_mAP": 0.001, "val/bbox_mAP_50": 0.004, "val/bbox_mAP_75": 0.0, "val/bbox_mAP_s": 0.0, "val/bbox_mAP_m": 0.0, "val/bbox_mAP_l": 0.001}