{"train/loss_rpn_cls": 0.05261441041715443, "train/loss_rpn_bbox": 0.03551276972517371, "train/s0.loss_cls": 0.3065083883702755, "train/s0.acc": 92.2021484375, "train/s0.loss_bbox": 0.13757103815674782, "train/s1.loss_cls": 0.07521194342523813, "train/s1.acc": 96.6884765625, "train/s1.loss_bbox": 0.04911500826478005, "train/s2.loss_cls": 0.02033656188286841, "train/s2.acc": 98.52734375, "train/s2.loss_bbox": 0.008524953592568637, "train/loss": 0.6853950661420822, "learning_rate": 0.0019980277150640573, "momentum": 0.9, "_runtime": 2952, "_timestamp": 1634037944, "_step": 1371, "val/bbox_mAP": 0.066, "val/bbox_mAP_50": 0.145, "val/bbox_mAP_75": 0.051, "val/bbox_mAP_s": 0.0, "val/bbox_mAP_m": 0.008, "val/bbox_mAP_l": 0.082}