{"train/det_loss": 5.0737478017807005, "train/off_loss": 0.13755522012710572, "train/pull_loss": 0.0721454245224595, "train/push_loss": 0.12505364701151847, "train/loss": 5.408502120971679, "learning_rate": 0.001992118643963821, "momentum": 0.9, "_runtime": 1867, "_timestamp": 1633662315, "_step": 2618, "val/bbox_mAP": 0.024, "val/bbox_mAP_50": 0.036, "val/bbox_mAP_75": 0.023, "val/bbox_mAP_s": 0.0, "val/bbox_mAP_m": 0.003, "val/bbox_mAP_l": 0.03, "_wandb": {"runtime": 1878}}