{"train/loss_rpn_cls": 0.5764332801103592, "train/loss_rpn_bbox": 0.0452965761302039, "train/s0.loss_cls": 0.4669853863120079, "train/s0.acc": 89.30859375, "train/s0.loss_bbox": 0.06960126948542893, "train/s1.loss_cls": 0.1876294692233205, "train/s1.acc": 90.6767578125, "train/s1.loss_bbox": 0.021528495238162578, "train/s2.loss_cls": 0.17674342025071382, "train/s2.acc": 82.330078125, "train/s2.loss_bbox": 0.014263891545124353, "train/loss": 1.5584817659854888, "learning_rate": 0.00011702000000000012, "momentum": 0.9, "_runtime": 172, "_timestamp": 1634028498, "_step": 50, "_wandb": {"runtime": 290}}