{"train/loss_center_heatmap": 3.732124629020691, "train/loss_wh": 1.2154464137554168, "train/loss_offset": 0.2519614455103874, "train/loss": 5.199532499313355, "learning_rate": 9.960967771506667e-05, "momentum": 0.9, "_runtime": 511, "_timestamp": 1633535463, "_step": 3328, "val/bbox_mAP": 0.0, "val/bbox_mAP_50": 0.0, "val/bbox_mAP_75": 0.0, "val/bbox_mAP_s": 0.0, "val/bbox_mAP_m": 0.0, "val/bbox_mAP_l": 0.0, "_wandb": {"runtime": 517}}