{"train/det_loss": 5.34630124092102, "train/off_loss": 0.14968248769640924, "train/pull_loss": 0.07981688788160682, "train/push_loss": 0.1880155545845628, "train/loss": 5.763816127777099, "learning_rate": 9.960967771506667e-05, "momentum": 0.9, "_runtime": 1584, "_timestamp": 1633512111, "_step": 3018, "val/bbox_mAP": 0.012, "val/bbox_mAP_50": 0.021, "val/bbox_mAP_75": 0.012, "val/bbox_mAP_s": 0.0, "val/bbox_mAP_m": 0.005, "val/bbox_mAP_l": 0.015, "_wandb": {"runtime": 1595}}