{"train/loss_rpn_cls": 0.004451494825316331, "train/loss_rpn_bbox": 0.008035523536673281, "train/s0.loss_cls": 0.04707518214359879, "train/s0.acc": 98.119140625, "train/s0.loss_bbox": 0.0350372880557552, "train/s1.loss_cls": 0.013354095502290875, "train/s1.acc": 98.95688919067383, "train/s1.loss_bbox": 0.028488334950525315, "train/s2.loss_cls": 0.006451601473963819, "train/s2.acc": 99.02884658813477, "train/s2.loss_bbox": 0.018998019942082466, "train/loss": 0.16189154107123613, "learning_rate": 1.1472259575903288e-05, "momentum": 0.9, "_runtime": 18643, "_timestamp": 1633508032, "_step": 46119, "val/bbox_mAP": 0.305, "val/bbox_mAP_50": 0.432, "val/bbox_mAP_75": 0.328, "val/bbox_mAP_s": 0.0, "val/bbox_mAP_m": 0.022, "val/bbox_mAP_l": 0.363, "_wandb": {"runtime": 18652}}