{"train/loss_rpn_cls": 0.13457108452916144, "train/loss_rpn_bbox": 0.028722809832543134, "train/s0.loss_cls": 0.32821628749370574, "train/s0.acc": 92.4150390625, "train/s0.loss_bbox": 0.15368905879557132, "train/s1.loss_cls": 0.12142985008656978, "train/s1.acc": 94.6240234375, "train/s1.loss_bbox": 0.08703093413263559, "train/s2.loss_cls": 0.039557082094252106, "train/s2.acc": 96.9921875, "train/s2.loss_bbox": 0.02340598871698603, "train/loss": 0.9166230893135071, "learning_rate": 9.757729755661011e-05, "momentum": 0.9, "_runtime": 7768, "_timestamp": 1633615589, "_step": 5695, "val/bbox_mAP": 0.008, "val/bbox_mAP_50": 0.021, "val/bbox_mAP_75": 0.004, "val/bbox_mAP_s": 0.0, "val/bbox_mAP_m": 0.0, "val/bbox_mAP_l": 0.01, "_wandb": {"runtime": 7773}}