{"train/loss_rpn_cls": 0.001424657370607747, "train/loss_rpn_bbox": 0.005741445605817717, "train/s0.loss_cls": 0.040456108320504426, "train/s0.acc": 98.4111328125, "train/s0.loss_bbox": 0.02723331910208799, "train/s1.loss_cls": 0.017283298391848802, "train/s1.acc": 98.640625, "train/s1.loss_bbox": 0.020791552553419024, "train/s2.loss_cls": 0.006281404012115672, "train/s2.acc": 99.0537109375, "train/s2.loss_bbox": 0.006749306349665858, "train/loss": 0.12596109313890338, "learning_rate": 0.0006325595095916644, "momentum": 0.9, "_runtime": 45058, "_timestamp": 1633840458, "_step": 34979, "val/bbox_mAP": 0.274, "val/bbox_mAP_50": 0.432, "val/bbox_mAP_75": 0.294, "val/bbox_mAP_s": 0.0, "val/bbox_mAP_m": 0.017, "val/bbox_mAP_l": 0.331, "_wandb": {"runtime": 45114}}