{"train/loss_rpn_cls": 0.0011230725619952864, "train/loss_rpn_bbox": 0.005527552166604437, "train/s0.loss_cls": 0.03379785579629242, "train/s0.acc": 98.69921875, "train/s0.loss_bbox": 0.022851634572725744, "train/s1.loss_cls": 0.014921237747184932, "train/s1.acc": 98.8486328125, "train/s1.loss_bbox": 0.01725263930624351, "train/s2.loss_cls": 0.005854539455613122, "train/s2.acc": 99.103515625, "train/s2.loss_bbox": 0.006540862412657588, "train/loss": 0.10786939224228263, "learning_rate": 2.972284935942577e-06, "momentum": 0.9, "_runtime": 23793, "_timestamp": 1633742541, "_step": 55451, "val/bbox_mAP": 0.278, "val/bbox_mAP_50": 0.44, "val/bbox_mAP_75": 0.311, "val/bbox_mAP_s": 0.0, "val/bbox_mAP_m": 0.01, "val/bbox_mAP_l": 0.336, "_wandb": {"runtime": 23795}}