{"train/loss_rpn_cls": 0.019066108928527684, "train/loss_rpn_bbox": 0.009133819618728011, "train/s0.loss_cls": 0.11521985266357661, "train/s0.acc": 96.1552734375, "train/s0.loss_bbox": 0.06361344022676349, "train/s1.loss_cls": 0.03703367123380304, "train/s1.acc": 97.669921875, "train/s1.loss_bbox": 0.03492681508883834, "train/s2.loss_cls": 0.01064489156473428, "train/s2.acc": 98.7861328125, "train/s2.loss_bbox": 0.008885481511242688, "train/loss": 0.2985240784287453, "learning_rate": 1.8703892896675733e-05, "momentum": 0.9, "_runtime": 22618, "_timestamp": 1634023593, "_step": 52173, "val/bbox_mAP": 0.292, "val/bbox_mAP_50": 0.47, "val/bbox_mAP_75": 0.324, "val/bbox_mAP_s": 0.0, "val/bbox_mAP_m": 0.02, "val/bbox_mAP_l": 0.351, "_wandb": {"runtime": 22630}}