{"train/loss_center_heatmap": 3.7655784988403322, "train/loss_wh": 1.305241230726242, "train/loss_offset": 0.2544610437750816, "train/loss": 5.32528076171875, "learning_rate": 9.990232305719945e-05, "momentum": 0.9, "_runtime": 285, "_timestamp": 1633599780, "_step": 1459, "val/bbox_mAP": 0.0, "val/bbox_mAP_50": 0.0, "val/bbox_mAP_75": 0.0, "val/bbox_mAP_s": 0.0, "val/bbox_mAP_m": 0.0, "val/bbox_mAP_l": 0.0, "_wandb": {"runtime": 290}}