{"train/loss_rpn_cls": 0.1833433899283409, "train/loss_rpn_bbox": 0.03336649015545845, "train/s0.loss_cls": 0.31523032367229464, "train/s0.acc": 93.857421875, "train/s0.loss_bbox": 0.1541199891269207, "train/s1.loss_cls": 0.08381987191736698, "train/s1.acc": 97.3427734375, "train/s1.loss_bbox": 0.044812074191868306, "train/s2.loss_cls": 0.026248308094218374, "train/s2.acc": 98.5947265625, "train/s2.loss_bbox": 0.007860811308491976, "train/loss": 0.8488012379407883, "learning_rate": 1.5751000000000006e-05, "momentum": 0.9, "_runtime": 72, "_timestamp": 1633599371, "_step": 150, "_wandb": {"runtime": 93}}