{"train/loss_rpn_cls": 0.22136039718985556, "train/loss_rpn_bbox": 0.041830608816817404, "train/s0.loss_cls": 0.30430046141147615, "train/s0.acc": 93.798828125, "train/s0.loss_bbox": 0.15939857095479965, "train/s1.loss_cls": 0.09006139893084765, "train/s1.acc": 97.1201171875, "train/s1.loss_bbox": 0.04703742431476712, "train/s2.loss_cls": 0.029904392436146735, "train/s2.acc": 98.353515625, "train/s2.loss_bbox": 0.010427869448903948, "train/loss": 0.9043211138248444, "learning_rate": 0.0004140200000000001, "momentum": 0.9, "_runtime": 73, "_timestamp": 1633774011, "_step": 200, "_wandb": {"runtime": 80}}