{"train/loss_rpn_cls": 0.17175088688731194, "train/loss_rpn_bbox": 0.03580591468140483, "train/s0.loss_cls": 0.3990637654066086, "train/s0.acc": 91.3505859375, "train/s0.loss_bbox": 0.17557648822665214, "train/s1.loss_cls": 0.1501243921369314, "train/s1.acc": 93.7939453125, "train/s1.loss_bbox": 0.09990969806909561, "train/s2.loss_cls": 0.05204146698117256, "train/s2.acc": 96.3486328125, "train/s2.loss_bbox": 0.02873526146635413, "train/loss": 1.1130078780651091, "learning_rate": 0.0001, "momentum": 0.9, "_runtime": 414, "_timestamp": 1633509285, "_step": 1110, "val/bbox_mAP": 0.003, "val/bbox_mAP_50": 0.007, "val/bbox_mAP_75": 0.002, "val/bbox_mAP_s": 0.0, "val/bbox_mAP_m": 0.0, "val/bbox_mAP_l": 0.004, "_wandb": {"runtime": 425}}