{"train/loss_rpn_cls": 0.18603565588593482, "train/loss_rpn_bbox": 0.030609709101263434, "train/s0.loss_cls": 0.2547169925272465, "train/s0.acc": 95.3974609375, "train/s0.loss_bbox": 0.10118135891854763, "train/s1.loss_cls": 0.06740910585969687, "train/s1.acc": 97.85546875, "train/s1.loss_bbox": 0.03135463751852512, "train/s2.loss_cls": 0.02052252858877182, "train/s2.acc": 98.791015625, "train/s2.loss_bbox": 0.005092033666733187, "train/loss": 0.6969220173358918, "learning_rate": 0.0009090200000000002, "momentum": 0.9, "_runtime": 630, "_timestamp": 1633841921, "_step": 450, "_wandb": {"runtime": 641}}