{"train/loss_center_heatmap": 3.6782122373580934, "train/loss_wh": 2.3752117681503297, "train/loss_offset": 0.26313583195209506, "train/loss": 6.316559829711914, "train/grad_norm": 78.38975196838379, "learning_rate": 0.0029970200000000013, "momentum": 0.9, "_runtime": 46, "_timestamp": 1633660067, "_step": 150, "_wandb": {"runtime": 56}}