{"train/loss_rpn_cls": 0.05616702515631914, "train/loss_rpn_bbox": 0.03569496266078204, "train/s0.loss_cls": 0.31362019971013066, "train/s0.acc": 91.466796875, "train/s0.loss_bbox": 0.13982781752943993, "train/s1.loss_cls": 0.15276793636381625, "train/s1.acc": 91.54145751953125, "train/s1.loss_bbox": 0.11950740113854408, "train/s2.loss_cls": 0.06975925758481026, "train/s2.acc": 92.2168067932129, "train/s2.loss_bbox": 0.06364601276814938, "train/loss": 0.9509905993938446, "learning_rate": 0.0001, "momentum": 0.9, "_runtime": 3257, "_timestamp": 1633607057, "_step": 1459, "val/bbox_mAP": 0.088, "val/bbox_mAP_50": 0.155, "val/bbox_mAP_75": 0.088, "val/bbox_mAP_s": 0.0, "val/bbox_mAP_m": 0.012, "val/bbox_mAP_l": 0.105, "_wandb": {"runtime": 3351}}