{"train/loss_rpn_cls": 0.571074095517397, "train/loss_rpn_bbox": 0.05131247157230973, "train/s0.loss_cls": 0.049764235727489, "train/s0.acc": 91.5615234375, "train/s0.loss_bbox": 0.10860159939154983, "train/s1.loss_cls": 0.016341173844411968, "train/s1.acc": 95.1552734375, "train/s1.loss_bbox": 0.058164175357669594, "train/s2.loss_cls": 0.004934549208264798, "train/s2.acc": 97.703125, "train/s2.loss_bbox": 0.01336302091833204, "train/loss": 0.8735553139448166, "learning_rate": 0.001929811597645307, "momentum": 0.9, "_runtime": 3067, "_timestamp": 1634026779, "_step": 7204, "val/bbox_mAP": 0.086, "val/bbox_mAP_50": 0.153, "val/bbox_mAP_75": 0.084, "val/bbox_mAP_s": 0.0, "val/bbox_mAP_m": 0.01, "val/bbox_mAP_l": 0.105, "_wandb": {"runtime": 3081}}