{"train/loss_center_heatmap": 3.954065465927124, "train/loss_wh": 1.9869980609416962, "train/loss_offset": 0.29118527472019196, "train/loss": 6.232248764038086, "train/grad_norm": 1.7870374274253846, "learning_rate": 0.02, "momentum": 0.9, "_runtime": 671, "_timestamp": 1633659989, "_step": 2518, "val/bbox_mAP": 0.0, "val/bbox_mAP_50": 0.0, "val/bbox_mAP_75": 0.0, "val/bbox_mAP_s": 0.0, "val/bbox_mAP_m": 0.0, "val/bbox_mAP_l": 0.0, "_wandb": {"runtime": 682}}