{"train/loss_rpn_cls": 0.11152555201202631, "train/loss_rpn_bbox": 0.034213945576921104, "train/s0.loss_cls": 0.3263642756640911, "train/s0.acc": 91.5078125, "train/s0.loss_bbox": 0.15031504932790996, "train/s1.loss_cls": 0.08486824706196786, "train/s1.acc": 96.166015625, "train/s1.loss_bbox": 0.055837911069393155, "train/s2.loss_cls": 0.02453592848032713, "train/s2.acc": 98.1982421875, "train/s2.loss_bbox": 0.010198725569061935, "train/loss": 0.7978596460819244, "learning_rate": 0.002, "momentum": 0.9, "_runtime": 447, "_timestamp": 1633772645, "_step": 1100, "_wandb": {"runtime": 472}}