{"train/loss_rpn_cls": 0.21528726108372212, "train/loss_rpn_bbox": 0.07165512066334485, "train/s0.loss_cls": 0.24814205959439278, "train/s0.acc": 95.7158203125, "train/s0.loss_bbox": 0.04444669550284743, "train/s1.loss_cls": 0.07277611259371042, "train/s1.acc": 97.7998046875, "train/s1.loss_bbox": 0.012053077470045536, "train/s2.loss_cls": 0.024462413638830185, "train/s2.acc": 98.6337890625, "train/s2.loss_bbox": 0.0037980358372442426, "train/loss": 0.6926207739114761, "learning_rate": 0.0001, "momentum": 0.9, "_runtime": 532, "_timestamp": 1633694287, "_step": 1110, "val/bbox_mAP": 0.0, "val/bbox_mAP_50": 0.001, "val/bbox_mAP_75": 0.0, "val/bbox_mAP_s": 0.0, "val/bbox_mAP_m": 0.0, "val/bbox_mAP_l": 0.0, "_wandb": {"runtime": 534}}