{"train/det_loss": 4.713025832176209, "train/off_loss": 0.13824059188365936, "train/pull_loss": 0.0540674652159214, "train/push_loss": 0.22849902853369713, "train/loss": 5.133832912445069, "learning_rate": 8.205248749256015e-05, "momentum": 0.9, "_runtime": 8370, "_timestamp": 1633529183, "_step": 15776, "val/bbox_mAP": 0.021, "val/bbox_mAP_50": 0.03, "val/bbox_mAP_75": 0.021, "val/bbox_mAP_s": 0.0, "val/bbox_mAP_m": 0.001, "val/bbox_mAP_l": 0.027, "_wandb": {"runtime": 8374}}