{"train/loss_rpn_cls": 0.002016520652741747, "train/loss_rpn_bbox": 0.0058433227636851374, "train/s0.loss_cls": 0.031700673485174774, "train/s0.acc": 98.83203125, "train/s0.loss_bbox": 0.025300738723017274, "train/s1.loss_cls": 0.011423457459313795, "train/s1.acc": 99.16760681152344, "train/s1.loss_bbox": 0.018817931269295513, "train/s2.loss_cls": 0.006231743800453842, "train/s2.acc": 99.11209442138671, "train/s2.loss_bbox": 0.01258367375470698, "train/loss": 0.11391806177794933, "learning_rate": 1.8703892896675733e-05, "momentum": 0.9, "_runtime": 39660, "_timestamp": 1633655292, "_step": 52723, "val/bbox_mAP": 0.257, "val/bbox_mAP_50": 0.4, "val/bbox_mAP_75": 0.286, "val/bbox_mAP_s": 0.0, "val/bbox_mAP_m": 0.011, "val/bbox_mAP_l": 0.308, "_wandb": {"runtime": 39687}}