{"train/loss_rpn_cls": 0.655892264842987, "train/loss_rpn_bbox": 0.038729887804947793, "train/s0.loss_cls": 0.5381915816664695, "train/s0.acc": 90.4111328125, "train/s0.loss_bbox": 0.10538164280354977, "train/s1.loss_cls": 0.3064119859784842, "train/s1.acc": 82.9453125, "train/s1.loss_bbox": 0.03796435500495136, "train/s2.loss_cls": 0.2500353517755866, "train/s2.acc": 72.263671875, "train/s2.loss_bbox": 0.011196417417377234, "train/loss": 1.943803470134735, "learning_rate": 0.00011702000000000012, "momentum": 0.9, "_runtime": 51, "_timestamp": 1633963061, "_step": 50, "_wandb": {"runtime": 71}}