{"train/det_loss": 5.091484613418579, "train/off_loss": 0.14900036111474038, "train/pull_loss": 0.058979694973677395, "train/push_loss": 0.25734875351190567, "train/loss": 5.556813430786133, "learning_rate": 9.05463412215599e-05, "momentum": 0.9, "_runtime": 6489, "_timestamp": 1633519806, "_step": 12190, "val/bbox_mAP": 0.014, "val/bbox_mAP_50": 0.022, "val/bbox_mAP_75": 0.013, "val/bbox_mAP_s": 0.0, "val/bbox_mAP_m": 0.003, "val/bbox_mAP_l": 0.018}