{"train/loss_rpn_cls": 0.14983754850924014, "train/loss_rpn_bbox": 0.029266802598722278, "train/s0.loss_cls": 0.3117129750549793, "train/s0.acc": 93.083984375, "train/s0.loss_bbox": 0.15061825342476368, "train/s1.loss_cls": 0.11313952021300792, "train/s1.acc": 95.5849609375, "train/s1.loss_bbox": 0.07170716870576144, "train/s2.loss_cls": 0.03630741458386183, "train/s2.acc": 97.63671875, "train/s2.loss_bbox": 0.01704375894740224, "train/loss": 0.8796334433555603, "learning_rate": 3.5551e-05, "momentum": 0.9, "_runtime": 206, "_timestamp": 1633600364, "_step": 350, "_wandb": {"runtime": 218}}