{"train/loss_rpn_cls": 0.011905808454030194, "train/loss_rpn_bbox": 0.05694982741028071, "train/s0.loss_cls": 0.05724851684644818, "train/s0.acc": 97.794921875, "train/s0.loss_bbox": 0.056372052803635594, "train/s1.loss_cls": 0.017608854030258955, "train/s1.acc": 98.697265625, "train/s1.loss_bbox": 0.014198393626138568, "train/s2.loss_cls": 0.00624487537832465, "train/s2.acc": 99.0693359375, "train/s2.loss_bbox": 0.0039473476714920255, "train/loss": 0.22447568036615848, "learning_rate": 0.0015360588815815069, "momentum": 0.9, "_runtime": 8405, "_timestamp": 1633690519, "_step": 18244, "val/bbox_mAP": 0.007, "val/bbox_mAP_50": 0.021, "val/bbox_mAP_75": 0.004, "val/bbox_mAP_s": 0.0, "val/bbox_mAP_m": 0.005, "val/bbox_mAP_l": 0.008, "_wandb": {"runtime": 8421}}