{"train/loss_rpn_cls": 0.1154236701130867, "train/loss_rpn_bbox": 0.025537121831439434, "train/s0.loss_cls": 0.30593354552984237, "train/s0.acc": 92.8974609375, "train/s0.loss_bbox": 0.12899882853031158, "train/s1.loss_cls": 0.1272558208554983, "train/s1.acc": 93.9658203125, "train/s1.loss_bbox": 0.08919794790446758, "train/s2.loss_cls": 0.05042160302400589, "train/s2.acc": 95.5869140625, "train/s2.loss_bbox": 0.03690942890942097, "train/loss": 0.8796779608726502, "learning_rate": 8.505100000000001e-05, "momentum": 0.9, "_runtime": 292, "_timestamp": 1633508601, "_step": 850, "_wandb": {"runtime": 307}}