{"train/loss_rpn_cls": 0.0015351032423313881, "train/loss_rpn_bbox": 0.005251776719815098, "train/s0.loss_cls": 0.03433253588620573, "train/s0.acc": 98.5791015625, "train/s0.loss_bbox": 0.024329774072393773, "train/s1.loss_cls": 0.015721458946354686, "train/s1.acc": 98.791015625, "train/s1.loss_bbox": 0.01845017578219995, "train/s2.loss_cls": 0.005764081507222727, "train/s2.acc": 99.11328125, "train/s2.loss_bbox": 0.0059940593433566395, "train/loss": 0.11137896619737148, "learning_rate": 0.0003633947222461846, "momentum": 0.9, "_runtime": 17893, "_timestamp": 1633795336, "_step": 41024, "val/bbox_mAP": 0.288, "val/bbox_mAP_50": 0.443, "val/bbox_mAP_75": 0.313, "val/bbox_mAP_s": 0.0, "val/bbox_mAP_m": 0.011, "val/bbox_mAP_l": 0.346, "_wandb": {"runtime": 17913}}