{"train/loss_rpn_cls": 0.11632894121110439, "train/loss_rpn_bbox": 0.02564815795049071, "train/s0.loss_cls": 0.29909270703792573, "train/s0.acc": 93.017578125, "train/s0.loss_bbox": 0.14827596031129361, "train/s1.loss_cls": 0.11948812507092953, "train/s1.acc": 94.68359375, "train/s1.loss_bbox": 0.08889140337705612, "train/s2.loss_cls": 0.04111352302134037, "train/s2.acc": 96.73828125, "train/s2.loss_bbox": 0.02716984450817108, "train/loss": 0.8660086536407471, "learning_rate": 5.5351000000000006e-05, "momentum": 0.9, "_runtime": 190, "_timestamp": 1633508838, "_step": 550, "_wandb": {"runtime": 192}}