{"train/loss_rpn_cls": 0.07470550071448087, "train/loss_rpn_bbox": 0.025053268973715605, "train/s0.loss_cls": 0.3045084461569786, "train/s0.acc": 91.4716796875, "train/s0.loss_bbox": 0.1330635706335306, "train/s1.loss_cls": 0.08764623142778874, "train/s1.acc": 95.5615234375, "train/s1.loss_bbox": 0.062271992899477484, "train/s2.loss_cls": 0.024298020880669357, "train/s2.acc": 97.87109375, "train/s2.loss_bbox": 0.013443830879405141, "train/loss": 0.7249908578395844, "learning_rate": 0.001992118643963821, "momentum": 0.9, "_runtime": 1047, "_timestamp": 1633775337, "_step": 2418, "val/bbox_mAP": 0.149, "val/bbox_mAP_50": 0.271, "val/bbox_mAP_75": 0.134, "val/bbox_mAP_s": 0.0, "val/bbox_mAP_m": 0.008, "val/bbox_mAP_l": 0.18, "_wandb": {"runtime": 1059}}