{"train/loss_rpn_cls": 0.1512358345463872, "train/loss_rpn_bbox": 0.0305529944319278, "train/s0.loss_cls": 0.39630078911781313, "train/s0.acc": 90.9375, "train/s0.loss_bbox": 0.1823232450336218, "train/s1.loss_cls": 0.1475867001712322, "train/s1.acc": 93.6005859375, "train/s1.loss_bbox": 0.10770732007920741, "train/s2.loss_cls": 0.04544197134673596, "train/s2.acc": 96.7158203125, "train/s2.loss_bbox": 0.025093435514718293, "train/loss": 1.0862422943115235, "learning_rate": 9.91232189110701e-05, "momentum": 0.9, "_runtime": 3318, "_timestamp": 1633603724, "_step": 4177, "val/bbox_mAP": 0.007, "val/bbox_mAP_50": 0.019, "val/bbox_mAP_75": 0.004, "val/bbox_mAP_s": 0.0, "val/bbox_mAP_m": 0.0, "val/bbox_mAP_l": 0.009, "_wandb": {"runtime": 3339}}