{"train/loss_rpn_cls": 0.003298486056519323, "train/loss_rpn_bbox": 0.005951408057881053, "train/s0.loss_cls": 0.033335668994113804, "train/s0.acc": 98.640625, "train/s0.loss_bbox": 0.025774036198854447, "train/s1.loss_cls": 0.008960564876906574, "train/s1.acc": 99.27672439575196, "train/s1.loss_bbox": 0.021134072670247406, "train/s2.loss_cls": 0.004003159230924211, "train/s2.acc": 99.36570709228516, "train/s2.loss_bbox": 0.015134296482428908, "train/loss": 0.11759169235825538, "learning_rate": 4.094717035442965e-06, "momentum": 0.9, "_runtime": 20443, "_timestamp": 1633469158, "_step": 55451, "val/bbox_mAP": 0.314, "val/bbox_mAP_50": 0.444, "val/bbox_mAP_75": 0.344, "val/bbox_mAP_s": 0.0, "val/bbox_mAP_m": 0.028, "val/bbox_mAP_l": 0.371, "_wandb": {"runtime": 20466}}