{"train/loss_center_heatmap": 3.6759187984466553, "train/loss_wh": 1.1803003972768784, "train/loss_offset": 0.25232201486825945, "train/loss": 5.108541231155396, "learning_rate": 9.387718066217124e-05, "momentum": 0.9, "_runtime": 974, "_timestamp": 1633534767, "_step": 9722, "val/bbox_mAP": 0.002, "val/bbox_mAP_50": 0.003, "val/bbox_mAP_75": 0.002, "val/bbox_mAP_s": 0.0, "val/bbox_mAP_m": 0.0, "val/bbox_mAP_l": 0.002, "_wandb": {"runtime": 977}}