{"train/loss_rpn_cls": 0.1306026978045702, "train/loss_rpn_bbox": 0.03216454362962395, "train/s0.loss_cls": 0.2680534429848194, "train/s0.acc": 93.40234375, "train/s0.loss_bbox": 0.13736108034849168, "train/s1.loss_cls": 0.07302765898406506, "train/s1.acc": 97.1591796875, "train/s1.loss_bbox": 0.045819015335291625, "train/s2.loss_cls": 0.022196917980909347, "train/s2.acc": 98.603515625, "train/s2.loss_bbox": 0.007399844222236425, "train/loss": 0.7166251963376999, "learning_rate": 0.00019980365947861302, "momentum": 0.9, "_runtime": 591, "_timestamp": 1633718714, "_step": 1359, "val/bbox_mAP": 0.009, "val/bbox_mAP_50": 0.03, "val/bbox_mAP_75": 0.002, "val/bbox_mAP_s": 0.0, "val/bbox_mAP_m": 0.0, "val/bbox_mAP_l": 0.011, "_wandb": {"runtime": 600}}