{"train/loss_rpn_cls": 0.10712486634030938, "train/loss_rpn_bbox": 0.03356444287812337, "train/s0.loss_cls": 0.2970362139493227, "train/s0.acc": 93.904296875, "train/s0.loss_bbox": 0.1238056494668126, "train/s1.loss_cls": 0.07557266600430011, "train/s1.acc": 97.421875, "train/s1.loss_bbox": 0.03815968340262771, "train/s2.loss_cls": 0.023469634475186466, "train/s2.acc": 98.662109375, "train/s2.loss_bbox": 0.007099565706739668, "train/loss": 0.7058327208459377, "learning_rate": 0.0012060200000000001, "momentum": 0.9, "_runtime": 510, "_timestamp": 1634029765, "_step": 600, "_wandb": {"runtime": 544}}