{"train/loss_rpn_cls": 0.02923621941357851, "train/loss_rpn_bbox": 0.05814359473064542, "train/s0.loss_cls": 0.08542529676109552, "train/s0.acc": 97.11992141723633, "train/s0.loss_bbox": 0.04474021003581583, "train/s1.loss_cls": 0.027323971861042084, "train/s1.acc": 98.30507553100585, "train/s1.loss_bbox": 0.022452812544070184, "train/s2.loss_cls": 0.009640744114294648, "train/s2.acc": 98.86799850463868, "train/s2.loss_bbox": 0.006148421023972332, "train/loss": 0.2831112709641457, "learning_rate": 8.185555919872038e-05, "momentum": 0.9, "_runtime": 14462, "_timestamp": 1633711135, "_step": 32002, "val/bbox_mAP": 0.148, "val/bbox_mAP_50": 0.306, "val/bbox_mAP_75": 0.129, "val/bbox_mAP_s": 0.0, "val/bbox_mAP_m": 0.001, "val/bbox_mAP_l": 0.179, "_wandb": {"runtime": 14470}}