{"train/loss_rpn_cls": 0.21735647475346923, "train/loss_rpn_bbox": 0.041884526629000905, "train/s0.loss_cls": 0.04693658327683806, "train/s0.acc": 91.5546875, "train/s0.loss_bbox": 0.11800771513022483, "train/s1.loss_cls": 0.01643852172419429, "train/s1.acc": 94.8837890625, "train/s1.loss_bbox": 0.06476438976824284, "train/s2.loss_cls": 0.005272850662004202, "train/s2.acc": 97.5341796875, "train/s2.loss_bbox": 0.016140845278277992, "train/loss": 0.5268019039928913, "learning_rate": 0.00016392368697999463, "momentum": 0.9, "_runtime": 6706, "_timestamp": 1633718056, "_step": 15726, "val/bbox_mAP": 0.084, "val/bbox_mAP_50": 0.159, "val/bbox_mAP_75": 0.079, "val/bbox_mAP_s": 0.0, "val/bbox_mAP_m": 0.006, "val/bbox_mAP_l": 0.103, "_wandb": {"runtime": 6720}}