{"train/loss_rpn_cls": 0.1896584701538086, "train/loss_rpn_bbox": 0.03255052228458226, "train/s0.loss_cls": 0.30839881271123887, "train/s0.acc": 94.2109375, "train/s0.loss_bbox": 0.13530173420906066, "train/s1.loss_cls": 0.0845383531972766, "train/s1.acc": 97.3408203125, "train/s1.loss_bbox": 0.04241190707311034, "train/s2.loss_cls": 0.027384617663919926, "train/s2.acc": 98.5888671875, "train/s2.loss_bbox": 0.007258876285050064, "train/loss": 0.8275032889842987, "learning_rate": 0.0003150200000000001, "momentum": 0.9, "_runtime": 184, "_timestamp": 1633840777, "_step": 150, "_wandb": {"runtime": 209}}