{"train/loss_rpn_cls": 0.2683893518149853, "train/loss_rpn_bbox": 0.037404592966195194, "train/s0.loss_cls": 0.2901981037855148, "train/s0.acc": 95.927734375, "train/s0.loss_bbox": 0.11274196173995733, "train/s1.loss_cls": 0.09022189559414982, "train/s1.acc": 97.986328125, "train/s1.loss_bbox": 0.03938327787211165, "train/s2.loss_cls": 0.03425505336374044, "train/s2.acc": 98.76953125, "train/s2.loss_bbox": 0.009048473096336239, "train/loss": 0.8816427093744278, "learning_rate": 0.00021601999999999987, "momentum": 0.9, "_runtime": 251, "_timestamp": 1634029172, "_step": 100, "_wandb": {"runtime": 310}}