{"train/loss_rpn_cls": 0.03884980332106352, "train/loss_rpn_bbox": 0.027448709746822716, "train/s0.loss_cls": 0.23181872725486755, "train/s0.acc": 92.869140625, "train/s0.loss_bbox": 0.11642960544675589, "train/s1.loss_cls": 0.07090538593009114, "train/s1.acc": 95.9208984375, "train/s1.loss_bbox": 0.0597805673442781, "train/s2.loss_cls": 0.019262433080002667, "train/s2.acc": 98.06640625, "train/s2.loss_bbox": 0.01364083074964583, "train/loss": 0.5781360630691051, "learning_rate": 0.0018444057615392639, "momentum": 0.9, "_runtime": 24249, "_timestamp": 1634062336, "_step": 12211, "val/bbox_mAP": 0.316, "val/bbox_mAP_50": 0.527, "val/bbox_mAP_75": 0.321, "val/bbox_mAP_s": 0.087, "val/bbox_mAP_m": 0.092, "val/bbox_mAP_l": 0.364, "_wandb": {"runtime": 24322}}