{"train/loss_rpn_cls": 0.05108861923217774, "train/loss_rpn_bbox": 0.037083282708190383, "train/s0.loss_cls": 0.2811848011612892, "train/s0.acc": 92.2470703125, "train/s0.loss_bbox": 0.1293993942812085, "train/s1.loss_cls": 0.07683929406106473, "train/s1.acc": 96.14453125, "train/s1.loss_bbox": 0.05617022952064872, "train/s2.loss_cls": 0.02141840973868966, "train/s2.acc": 98.1513671875, "train/s2.loss_bbox": 0.011188489042688161, "train/loss": 0.6643725258111953, "learning_rate": 0.001992118643963821, "momentum": 0.9, "_runtime": 5050, "_timestamp": 1634034879, "_step": 2542, "val/bbox_mAP": 0.112, "val/bbox_mAP_50": 0.22, "val/bbox_mAP_75": 0.096, "val/bbox_mAP_s": 0.007, "val/bbox_mAP_m": 0.028, "val/bbox_mAP_l": 0.136, "_wandb": {"runtime": 5139}}