{"train/loss_rpn_cls": 0.0011479044008706296, "train/loss_rpn_bbox": 0.004920915600232547, "train/s0.loss_cls": 0.029598238826729358, "train/s0.acc": 98.859375, "train/s0.loss_bbox": 0.019992357989540323, "train/s1.loss_cls": 0.013678344914223999, "train/s1.acc": 98.880859375, "train/s1.loss_bbox": 0.01565186296822503, "train/s2.loss_cls": 0.005375065658590757, "train/s2.acc": 99.171875, "train/s2.loss_bbox": 0.005879682619124651, "train/loss": 0.0962443711142987, "learning_rate": 4.991901196299404e-05, "momentum": 0.9, "_runtime": 120987, "_timestamp": 1633962973, "_step": 50805, "val/bbox_mAP": 0.289, "val/bbox_mAP_50": 0.449, "val/bbox_mAP_75": 0.325, "val/bbox_mAP_s": 0.0, "val/bbox_mAP_m": 0.015, "val/bbox_mAP_l": 0.349, "_wandb": {"runtime": 121098}}