{"train/loss_rpn_cls": 0.023797465645475312, "train/loss_rpn_bbox": 0.013836068687960506, "train/s0.loss_cls": 0.11690205499529839, "train/s0.acc": 95.7392578125, "train/s0.loss_bbox": 0.07687270623631776, "train/s1.loss_cls": 0.042430695760995146, "train/s1.acc": 97.05078125, "train/s1.loss_bbox": 0.047844720687717196, "train/s2.loss_cls": 0.012788045119959861, "train/s2.acc": 98.4189453125, "train/s2.loss_bbox": 0.012579005272127687, "train/loss": 0.34705076485872266, "learning_rate": 2.972284935942577e-06, "momentum": 0.9, "_runtime": 23831, "_timestamp": 1633986969, "_step": 55451, "val/bbox_mAP": 0.29, "val/bbox_mAP_50": 0.47, "val/bbox_mAP_75": 0.307, "val/bbox_mAP_s": 0.0, "val/bbox_mAP_m": 0.028, "val/bbox_mAP_l": 0.348, "_wandb": {"runtime": 23833}}