{"train/loss_rpn_cls": 0.6522740304470063, "train/loss_rpn_bbox": 0.04374590060673654, "train/s0.loss_cls": 0.5784515182673932, "train/s0.acc": 88.2705078125, "train/s0.loss_bbox": 0.10575325528159737, "train/s1.loss_cls": 0.31177378989756105, "train/s1.acc": 82.5908203125, "train/s1.loss_bbox": 0.03648932317271829, "train/s2.loss_cls": 0.24798505805432797, "train/s2.acc": 71.29296875, "train/s2.loss_bbox": 0.01121745643671602, "train/loss": 1.9876903462409974, "learning_rate": 0.00011702000000000012, "momentum": 0.9, "_runtime": 28, "_timestamp": 1633774183, "_step": 50, "_wandb": {"runtime": 39}}