{"train/loss_rpn_cls": 0.017215334938373416, "train/loss_rpn_bbox": 0.015903286304092035, "train/s0.loss_cls": 0.11724524263292552, "train/s0.acc": 95.9951171875, "train/s0.loss_bbox": 0.06735419711098074, "train/s1.loss_cls": 0.04009262249805033, "train/s1.acc": 97.3359375, "train/s1.loss_bbox": 0.0423708079662174, "train/s2.loss_cls": 0.011531455493532121, "train/s2.acc": 98.5830078125, "train/s2.loss_bbox": 0.01182547863572836, "train/loss": 0.32353842973709107, "learning_rate": 2.972284935942577e-06, "momentum": 0.9, "_runtime": 120725, "_timestamp": 1634183173, "_step": 61051, "val/bbox_mAP": 0.543, "val/bbox_mAP_50": 0.775, "val/bbox_mAP_75": 0.608, "val/bbox_mAP_s": 0.11, "val/bbox_mAP_m": 0.205, "val/bbox_mAP_l": 0.607, "_wandb": {"runtime": 120727}}