{"train/loss_rpn_cls": 0.6518055760860443, "train/loss_rpn_bbox": 0.04368707586079836, "train/s0.loss_cls": 0.5781557908654213, "train/s0.acc": 88.2724609375, "train/s0.loss_bbox": 0.10503653494641185, "train/s1.loss_cls": 0.3115961204841733, "train/s1.acc": 82.6474609375, "train/s1.loss_bbox": 0.036548382062464954, "train/s2.loss_cls": 0.24763340294361114, "train/s2.acc": 71.294921875, "train/s2.loss_bbox": 0.011238558522891254, "train/loss": 1.985701402425766, "learning_rate": 0.00011702000000000012, "momentum": 0.9, "_runtime": 28, "_timestamp": 1633774246, "_step": 50, "_wandb": {"runtime": 47}}