{"train/loss_rpn_cls": 0.0020169140432335555, "train/loss_rpn_bbox": 0.007760804009158164, "train/s0.loss_cls": 0.04286973126232624, "train/s0.acc": 98.33203125, "train/s0.loss_bbox": 0.030412592818029226, "train/s1.loss_cls": 0.01936122403014451, "train/s1.acc": 98.4091796875, "train/s1.loss_bbox": 0.02471871648449451, "train/s2.loss_cls": 0.00740092177176848, "train/s2.acc": 98.7978515625, "train/s2.loss_bbox": 0.008561310219811276, "train/loss": 0.1431022134795785, "learning_rate": 0.00031629516762427565, "momentum": 0.9, "_runtime": 17903, "_timestamp": 1633681063, "_step": 41533, "val/bbox_mAP": 0.274, "val/bbox_mAP_50": 0.438, "val/bbox_mAP_75": 0.307, "val/bbox_mAP_s": 0.0, "val/bbox_mAP_m": 0.01, "val/bbox_mAP_l": 0.333, "_wandb": {"runtime": 17921}}