{"train/loss_center_heatmap": 3.469249939918518, "train/loss_wh": 2.046503708362579, "train/loss_offset": 0.25145933747291566, "train/loss": 5.767212953567505, "learning_rate": 0.002, "momentum": 0.9, "_runtime": 182, "_timestamp": 1633655532, "_step": 1100, "_wandb": {"runtime": 184}}