{"train/loss_rpn_cls": 0.19386495217680932, "train/loss_rpn_bbox": 0.060439836271107196, "train/s0.loss_cls": 0.21476057007908822, "train/s0.acc": 96.3359375, "train/s0.loss_bbox": 0.07577285436913371, "train/s1.loss_cls": 0.06334281791001559, "train/s1.acc": 98.1328125, "train/s1.loss_bbox": 0.023245121333748103, "train/s2.loss_cls": 0.021763353841379285, "train/s2.acc": 98.8427734375, "train/s2.loss_bbox": 0.0034746128305658884, "train/loss": 0.6566641134023666, "learning_rate": 9.844486647586725e-05, "momentum": 0.9, "_runtime": 2245, "_timestamp": 1633696642, "_step": 4786, "val/bbox_mAP": 0.001, "val/bbox_mAP_50": 0.003, "val/bbox_mAP_75": 0.0, "val/bbox_mAP_s": 0.0, "val/bbox_mAP_m": 0.0, "val/bbox_mAP_l": 0.001, "_wandb": {"runtime": 2252}}