{"train/loss_rpn_cls": 0.08999653314240277, "train/loss_rpn_bbox": 0.07114556787535548, "train/s0.loss_cls": 0.13265939056873322, "train/s0.acc": 96.38196868896485, "train/s0.loss_bbox": 0.03999286227859557, "train/s1.loss_cls": 0.040815230440348384, "train/s1.acc": 98.07076416015624, "train/s1.loss_bbox": 0.010524930127430707, "train/s2.loss_cls": 0.015018524252809584, "train/s2.acc": 98.69794586181641, "train/s2.loss_bbox": 0.003435453741112724, "train/loss": 0.4035884927213192, "learning_rate": 0.0001951301233713678, "momentum": 0.9, "_runtime": 3036, "_timestamp": 1633693600, "_step": 6655, "val/bbox_mAP": 0.007, "val/bbox_mAP_50": 0.024, "val/bbox_mAP_75": 0.004, "val/bbox_mAP_s": 0.0, "val/bbox_mAP_m": 0.0, "val/bbox_mAP_l": 0.009, "_wandb": {"runtime": 3050}}